USE QuanLyLopHocDB
GO

INSERT INTO GIAOVIEN (MaGV, HoTen, NgaySinh, GioiTinh, SoDienThoai, Email) VALUES
    (N'GV001', N'Trần Ngọc Lan Anh', '1990-07-21', N'Nữ', '0857670451', 'tngla0721@gmail.com'),
    (N'GV002', N'Võ Thị Quỳnh Anh', '1987-09-28', N'Nữ', '0765552430', 'vtqa0928@gmail.com'),
    (N'GV003', N'Lê Quốc Bảo', '1995-08-31', N'Nam', '0917981038', 'lqb0831@gmail.com'),
    (N'GV004', N'Nguyễn Tấn Gia Bảo', '1988-03-18', N'Nam', '0373092598', 'ntgb0318@gmail.com'),
    (N'GV005', N'Trần Gia Bảo', '1992-08-10', N'Nam', '0983395322', 'tgb0810@gmail.com'),
    (N'GV006', N'Trương Hoài Bảo', '1986-04-30', N'Nam', '0932989424', 'thb0430@gmail.com'),
    (N'GV007', N'Tăng Quang Đông', '1993-12-10', N'Nam', '0919320573', 'tqd1210@gmail.com'),
    (N'GV008', N'Bùi Lê Phát Hải', '1989-02-20', N'Nam', '0939283643', 'blph0229@gmail.com'),
    (N'GV009', N'Võ Duy Khang', '1991-07-19', N'Nam', '0704947105', 'vdk0719@gmail.com'),
    (N'GV010', N'Nguyễn Anh Kiệt', '1994-06-14', N'Nam', '0796871089', 'nak0614@gmail.com'),
    (N'GV011', N'Võ Ngọc Thiên Kim', '1985-01-01', N'Nữ', '0393114004', 'vntk0101@gmail.com'),
    (N'GV012', N'La Thái Ngọc Linh', '1987-01-25', N'Nữ', '0926389074', 'ltnl0125@gmail.com'),
    (N'GV013', N'Võ Thị Huyền Linh', '1992-09-30', N'Nữ', '0899670279', 'vthl0930@gmail.com'),
    (N'GV014', N'Nguyễn Võ Tiến Lộc', '1990-02-12', N'Nam', '0367263198', 'nvtl0212@gmail.com'),
    (N'GV015', N'Nguyễn Tấn Lợi', '1988-10-29', N'Nam', '0939823742', 'ntl1029@gmail.com'),
    (N'GV016', N'Đàm Võ Hoàng Lực', '1995-02-25', N'Nam', '0775859354', 'dvhl0225@gmail.com'),
    (N'GV017', N'Phan Trung Mạnh', '1991-05-12', N'Nam', '0368905529', 'ptm0512@gmail.com'),
    (N'GV018', N'Huỳnh Thị Quế Minh', '1986-04-08', N'Nữ', '0839814633', 'htqm0408@gmail.com'),
    (N'GV019', N'Phạm Phước Nguyên', '1993-10-22', N'Nam', '0782983959', 'ppn1022@gmail.com'),
    (N'GV020', N'Đỗ Minh Nhựt', '1982-01-14', N'Nam', '0967904249', 'dmn0114@gmail.com'),
    (N'GV021', N'Trần Văn Nhựt', '1996-10-29', N'Nam', '0798005003', 'tvn1029@gmail.com'),
    (N'GV022', N'La Cẩm Phú', '1984-03-17', N'Nữ', '0834153577', 'lcp0317@gmail.com'),
    (N'GV023', N'Nguyễn Thanh Vĩnh Phúc', '1992-10-14', N'Nam', '0979950097', 'ntvp1014@gmail.com'),
    (N'GV024', N'Huỳnh Văn Quyến', '1987-05-01', N'Nam', '0975562066', 'hvq0501@gmail.com'),
    (N'GV025', N'Nguyễn Hà Sơn', '1990-05-24', N'Nam', '0907616063', 'nhs0524@gmail.com'),
    (N'GV026', N'Nguyễn Thanh Sơn', '1989-03-31', N'Nam', '0392442390', 'nts0331@gmail.com'),
    (N'GV027', N'Huỳnh Chí Tài', '1994-08-04', N'Nam', '0523844642', 'hct0804@gmail.com'),
    (N'GV028', N'Trần Quốc Thái', '1992-12-28', N'Nam', '0399695899', 'tqt1228@gmail.com'),
    (N'GV029', N'Nguyễn Lê Duy Thông', '1988-10-12', N'Nam', '0335393679', 'nldt1012@gmail.com'),
    (N'GV030', N'Nguyễn Tấn Thuận', '1987-08-11', N'Nam', '0794365365', 'ntt0811@gmail.com');
GO

INSERT INTO MONHOC (MaMon, TenMon) VALUES
    (N'M01', N'Toán'),
    (N'M02', N'Ngữ Văn'),
    (N'M03', N'Tiếng Anh'),
    (N'M04', N'Vật Lý'),
    (N'M05', N'Hóa Học'),
    (N'M06', N'Sinh Học'),
    (N'M07', N'Địa Lý'),
    (N'M08', N'Lịch Sử'),
    (N'M09', N'Tin Học'),
    (N'M10', N'Công Nghệ');
GO

INSERT INTO LOP (MaLop, TenLop, NamHoc, MaGVCN) VALUES
    (N'242510A1', N'10A1', 2024, N'GV001'),
    (N'242510A2', N'10A2', 2024, N'GV003'),
    (N'242510A3', N'10A3', 2024, N'GV005'),
    (N'242510A4', N'10A4', 2024, N'GV007'),
    (N'242511A1', N'11A1', 2024, N'GV008'),
    (N'242511A2', N'11A2', 2024, N'GV011'),
    (N'242511A3', N'11A3', 2024, N'GV012'),
    (N'242511A4', N'11A4', 2024, N'GV015'),
    (N'242512A1', N'12A1', 2024, N'GV019'),
    (N'242512A2', N'12A2', 2024, N'GV021'),
    (N'242512A3', N'12A3', 2024, N'GV023'),
    (N'242512A4', N'12A4', 2024, N'GV027');
GO

INSERT INTO HOCSINH (MaHS, HoTen, NgaySinh, GioiTinh, DiaChi, MaLop) VALUES
    (N'HS0001', N'Ngô Thị Hoà An', '2009-05-15', N'Nữ', N'Hà Nội', N'242510A1'),
    (N'HS0002', N'Nguyễn Thị Thuý Anh', '2009-05-03', N'Nữ', N'Đà Nẵng', N'242510A1'),
    (N'HS0003', N'Võ Ngọc Phương Anh', '2009-03-13', N'Nữ', N'Hải Phòng', N'242510A1'),
    (N'HS0004', N'Phan Văn Quốc Dinh', '2009-01-27', N'Nam', N'Cần Thơ', N'242510A1'),
    (N'HS0005', N'Chiêu Thị Ngọc Dung', '2009-01-15', N'Nữ', N'Hà Nội', N'242510A1'),
    (N'HS0006', N'Bùi Thị Mỹ Duyên', '2009-01-13', N'Nữ', N'Nha Trang', N'242510A1'),
    (N'HS0007', N'Phạm Bảo Duyên', '2009-11-18', N'Nam', N'Đà Nẵng', N'242510A1'),
    (N'HS0008', N'Châu Thành Đạt', '2009-02-16', N'Nam', N'Quảng Ninh', N'242510A1'),
    (N'HS0009', N'Lê Trần Phát Đạt', '2009-05-14', N'Nam', N'Huế', N'242510A1'),
    (N'HS0010', N'Lê Anh Hào', '2009-01-26', N'Nam', N'Hà Nội', N'242510A1'),
    (N'HS0011', N'Trương Ngọc Hân', '2009-07-09', N'Nữ', N'Vũng Tàu', N'242510A1'),
    (N'HS0012', N'Võ Thị Ngọc Hương', '2009-05-27', N'Nữ', N'Cần Thơ', N'242510A1'),
    (N'HS0013', N'Đặng Ngô Phương Khánh', '2009-05-01', N'Nữ', N'Nha Trang', N'242510A1'),
    (N'HS0014', N'Nguyễn Hoàng Khánh', '2009-12-09', N'Nam', N'Hải Phòng', N'242510A1'),
    (N'HS0015', N'Huỳnh Ngọc Lài', '2009-08-31', N'Nữ', N'Đà Nẵng', N'242510A1'),
    (N'HS0016', N'Trương Huỳnh Tuyết Linh', '2009-11-25', N'Nữ', N'Hà Nội', N'242510A1'),
    (N'HS0017', N'Nguyễn Ngọc Mai Lý', '2009-07-22', N'Nữ', N'Huế', N'242510A1'),
    (N'HS0018', N'Cao Kim Ngân', '2009-12-08', N'Nữ', N'Quảng Ninh', N'242510A1'),
    (N'HS0019', N'Nguyễn Kim Huyền Ngân', '2009-10-21', N'Nữ', N'Cần Thơ', N'242510A1'),
    (N'HS0020', N'Nguyễn Thị Bích Ngọc', '2009-08-27', N'Nữ', N'Nha Trang', N'242510A1'),
    (N'HS0021', N'Lê Thanh Nhã', '2009-10-06', N'Nam', N'Huế', N'242510A1'),
    (N'HS0022', N'Nguyễn Thị Nhạn Nhi', '2009-08-25', N'Nữ', N'Hải Phòng', N'242510A1'),
    (N'HS0023', N'Trần Thị Hoàng Oanh', '2009-11-20', N'Nữ', N'Hà Nội', N'242510A1'),
    (N'HS0024', N'Nguyễn Ngọc Diễm Phương', '2009-09-21', N'Nữ', N'Vũng Tàu', N'242510A1'),
    (N'HS0025', N'Trần Sĩ Quý', '2009-04-16', N'Nữ', N'Hà Nội', N'242510A1'),
    (N'HS0026', N'Nguyễn Thị Hồng Thanh', '2009-05-03', N'Nữ', N'Huế', N'242510A1'),
    (N'HS0027', N'Huỳnh Thanh Thảo', '2009-09-27', N'Nữ', N'Đà Nẵng', N'242510A1'),
    (N'HS0028', N'Phan Hữu Thịnh', '2009-12-14', N'Nam', N'Quảng Ninh', N'242510A1'),
    (N'HS0029', N'Trần Kim Thuận', '2009-08-12', N'Nữ', N'Hải Phòng', N'242510A1'),
    (N'HS0030', N'Nguyễn Thị Anh Thư', '2009-07-11', N'Nữ', N'Vũng Tàu', N'242510A1'),
    (N'HS0031', N'Võ Ngọc Anh Thư', '2009-04-01', N'Nữ', N'Nha Trang', N'242510A1'),
    (N'HS0032', N'Nguyễn Anh Thức', '2009-02-20', N'Nam', N'Cần Thơ', N'242510A1'),
    (N'HS0033', N'Trần Thái Toàn', '2009-11-19', N'Nam', N'Huế', N'242510A1'),
    (N'HS0034', N'Chế Quyền Trân', '2009-09-04', N'Nữ', N'Đà Nẵng', N'242510A1'),
    (N'HS0035', N'Huỳnh Nguyễn Mỹ Trân', '2009-07-17', N'Nữ', N'Hà Nội', N'242510A1'),
    (N'HS0036', N'Trần Thị Huyền Trân', '2009-07-23', N'Nữ', N'Quảng Ninh', N'242510A1'),
    (N'HS0037', N'Nguyễn Minh Trung', '2009-05-22', N'Nam', N'Vũng Tàu', N'242510A1'),
    (N'HS0038', N'Phan Thị Như Ý', '2009-12-19', N'Nữ', N'Cần Thơ', N'242510A1'),
    (N'HS0039', N'Trương Thị Như Ý', '2009-07-27', N'Nữ', N'Nha Trang', N'242510A1'),
    (N'HS0040', N'Lê Thị Ngọc Yến', '2009-06-09', N'Nữ', N'Đà Nẵng', N'242510A1'),
    (N'HS0041', N'Phạm Thị Thanh Cần', '2009-07-23', N'Nữ', N'Hà Nội', N'242510A2'),
    (N'HS0042', N'Nguyễn Thị Kim Chi', '2009-01-28', N'Nữ', N'TP. Hồ Chí Minh', N'242510A2'),
    (N'HS0043', N'Lê Thị Anh Đào', '2009-05-30', N'Nữ', N'Đà Nẵng', N'242510A2'),
    (N'HS0044', N'Phan Thị Hồng Gấm', '2009-01-04', N'Nữ', N'Cần Thơ', N'242510A2'),
    (N'HS0045', N'Nguyễn Phú Hào', '2009-12-29', N'Nam', N'Bình Dương', N'242510A2'),
    (N'HS0046', N'Lê Thị Ngọc Hân', '2009-02-28', N'Nữ', N'An Giang', N'242510A2'),
    (N'HS0047', N'Lê Hoàng Huy', '2009-09-09', N'Nam', N'Bắc Giang', N'242510A2'),
    (N'HS0048', N'Lê Phú Kiệt', '2009-12-04', N'Nam', N'Vĩnh Long', N'242510A2'),
    (N'HS0049', N'Nguyễn Trọng Lộc', '2009-10-04', N'Nam', N'Thái Nguyên', N'242510A2'),
    (N'HS0050', N'Võ Thị Huỳnh Mai', '2009-05-24', N'Nữ', N'Quảng Ninh', N'242510A2'),
    (N'HS0051', N'Nguyễn Hoàng Nhật Minh', '2009-03-30', N'Nam', N'Phú Thọ', N'242510A2'),
    (N'HS0052', N'Nguyễn Hoàng Tuấn Minh', '2009-11-21', N'Nam', N'Thanh Hóa', N'242510A2'),
    (N'HS0053', N'Nguyễn Thị Thảo Ngân', '2009-12-24', N'Nữ', N'Nghệ An', N'242510A2'),
    (N'HS0054', N'Nguyễn Thị Thúy Ngân', '2009-03-24', N'Nữ', N'Bắc Ninh', N'242510A2'),
    (N'HS0055', N'Lê Nguyễn Nhi Ngọc', '2009-08-29', N'Nữ', N'Kiên Giang', N'242510A2'),
    (N'HS0056', N'Nguyễn Thị Huyền Ngọc', '2009-09-02', N'Nữ', N'Hải Phòng', N'242510A2'),
    (N'HS0057', N'Thái Thị Yến Nhi', '2009-03-03', N'Nữ', N'Hà Giang', N'242510A2'),
    (N'HS0058', N'Nguyễn Thị Hồng Nhung', '2009-03-02', N'Nữ', N'Lâm Đồng', N'242510A2'),
    (N'HS0059', N'Nguyễn Ngọc Minh Nhựt', '2009-10-24', N'Nam', N'Cà Mau', N'242510A2'),
    (N'HS0060', N'Huỳnh Thị Kiều Nương', '2009-04-29', N'Nữ', N'Ninh Bình', N'242510A2'),
    (N'HS0061', N'Nguyễn Thị Tuyết Nương', '2009-07-13', N'Nữ', N'Tây Ninh', N'242510A2'),
    (N'HS0062', N'Phạm Nguyễn Kiều Nương', '2009-10-21', N'Nữ', N'Lào Cai', N'242510A2'),
    (N'HS0063', N'Lê Thị Phương Oanh', '2009-02-12', N'Nữ', N'Bình Phước', N'242510A2'),
    (N'HS0064', N'Nguyễn Thị Yến Oanh', '2009-10-10', N'Nữ', N'Vĩnh Phúc', N'242510A2'),
    (N'HS0065', N'Trần Trọng Phúc', '2009-12-22', N'Nam', N'Quảng Nam', N'242510A2'),
    (N'HS0066', N'Nguyễn Thị Cẩm Quyên', '2009-06-04', N'Nữ', N'Phú Yên', N'242510A2'),
    (N'HS0067', N'Nguyễn Hữu Thắng', '2009-04-08', N'Nam', N'Đắk Lắk', N'242510A2'),
    (N'HS0068', N'Nguyễn Thị Thanh Thu', '2009-04-20', N'Nữ', N'Hậu Giang', N'242510A2'),
    (N'HS0069', N'Phan Minh Thư', '2009-07-10', N'Nữ', N'Gia Lai', N'242510A2'),
    (N'HS0070', N'Nguyễn Quốc Tiến', '2009-10-16', N'Nam', N'Vũng Tàu', N'242510A2'),
    (N'HS0071', N'Nguyễn Thị Bích Trâm', '2009-05-27', N'Nữ', N'Bến Tre', N'242510A2'),
    (N'HS0072', N'Huỳnh Nghiêm Tố Trân', '2009-08-07', N'Nữ', N'Quảng Trị', N'242510A2'),
    (N'HS0073', N'Nguyễn Ngọc Trân', '2009-05-23', N'Nữ', N'Hà Tĩnh', N'242510A2'),
    (N'HS0074', N'Nguyễn Thanh Trọng', '2009-02-28', N'Nam', N'Vĩnh Long', N'242510A2'),
    (N'HS0075', N'Võ Thị Thanh Tuyền', '2009-03-10', N'Nữ', N'Bắc Kạn', N'242510A2'),
    (N'HS0076', N'Thái Thành Tường', '2009-07-10', N'Nam', N'Hà Nam', N'242510A2'),
    (N'HS0077', N'Võ Thị Tường Vi', '2009-05-16', N'Nữ', N'Quảng Bình', N'242510A2'),
    (N'HS0078', N'Hồ Như Ý', '2009-03-20', N'Nữ', N'Kon Tum', N'242510A2'),
    (N'HS0079', N'Đinh Kim Yến', '2009-07-20', N'Nữ', N'Lạng Sơn', N'242510A2'),
    (N'HS0080', N'Phùng Thiên Ân', '2009-01-26', N'Nam', N'Quảng Nam', N'242510A3'),
    (N'HS0081', N'Trần Thanh Bảo', '2009-11-18', N'Nam', N'Bình Dương', N'242510A3'),
    (N'HS0082', N'Phan Công Bằng', '2009-11-17', N'Nam', N'Thừa Thiên Huế', N'242510A3'),
    (N'HS0083', N'Bùi Hồng Chấn', '2009-09-09', N'Nam', N'Đồng Nai', N'242510A3'),
    (N'HS0084', N'Lai Mi Chi', '2009-10-01', N'Nữ', N'Tiền Giang', N'242510A3'),
    (N'HS0085', N'Trần Thị Huỳnh Cúc', '2009-12-30', N'Nữ', N'Cần Thơ', N'242510A3'),
    (N'HS0086', N'Đặng Kha Dĩ', '2009-05-30', N'Nam', N'Đà Nẵng', N'242510A3'),
    (N'HS0087', N'Đào Thị Thảo Duy', '2009-08-09', N'Nữ', N'Quảng Bình', N'242510A3'),
    (N'HS0088', N'Nguyễn Thị Ngọc Đang', '2009-07-03', N'Nữ', N'Hà Nội', N'242510A3'),
    (N'HS0089', N'Nguyễn Thành Đạt', '2009-07-22', N'Nam', N'Tây Ninh', N'242510A3'),
    (N'HS0090', N'Hà Tấn Hiếu', '2009-12-14', N'Nam', N'Vĩnh Long', N'242510A3'),
    (N'HS0091', N'Nguyễn Trọng Hiếu', '2009-01-03', N'Nam', N'Kiên Giang', N'242510A3'),
    (N'HS0092', N'Trần Thị Huỳnh Hoa', '2009-12-30', N'Nữ', N'Quảng Ngãi', N'242510A3'),
    (N'HS0093', N'Cao Trung Hưng', '2009-06-04', N'Nam', N'Bắc Ninh', N'242510A3'),
    (N'HS0094', N'Nguyễn Hưng', '2009-06-19', N'Nam', N'Bắc Giang', N'242510A3'),
    (N'HS0095', N'Lê Thị Xuân Hương', '2009-03-16', N'Nữ', N'Hải Phòng', N'242510A3'),
    (N'HS0096', N'Phan Hồng Khải', '2009-09-28', N'Nam', N'Lâm Đồng', N'242510A3'),
    (N'HS0097', N'Nguyễn Trúc Linh', '2009-06-07', N'Nữ', N'Khánh Hòa', N'242510A3'),
    (N'HS0098', N'Võ Thị Trúc Linh', '2009-10-17', N'Nữ', N'An Giang', N'242510A3'),
    (N'HS0099', N'Võ Thị Yến Linh', '2009-01-01', N'Nữ', N'Bình Phước', N'242510A3'),
    (N'HS0100', N'Phan Xuân Mai', '2009-08-04', N'Nữ', N'Hòa Bình', N'242510A3'),
    (N'HS0101', N'Trần Thị Huỳnh Mai', '2009-12-30', N'Nữ', N'Hậu Giang', N'242510A3'),
    (N'HS0102', N'Nguyễn Thị Trà My', '2009-10-26', N'Nữ', N'Sóc Trăng', N'242510A3'),
    (N'HS0103', N'Thái Thị Kim Ngân', '2009-12-09', N'Nữ', N'Ninh Bình', N'242510A3'),
    (N'HS0104', N'Trương Thị Bích Ngọc', '2009-07-25', N'Nữ', N'Nghệ An', N'242510A3'),
    (N'HS0105', N'Lê Thành Nhân', '2009-09-24', N'Nam', N'Hà Tĩnh', N'242510A3'),
    (N'HS0106', N'Võ Thị Linh Nhi', '2009-10-12', N'Nữ', N'Yên Bái', N'242510A3'),
    (N'HS0107', N'Võ Thị Yến Nhi', '2009-09-10', N'Nữ', N'Lào Cai', N'242510A3'),
    (N'HS0108', N'Nguyễn Đông Nhơn', '2009-07-08', N'Nam', N'Quảng Trị', N'242510A3'),
    (N'HS0109', N'Từ Lê Hoàng Tấn', '2009-07-17', N'Nam', N'Bình Định', N'242510A3'),
    (N'HS0110', N'Lê Thị Thiên Thanh', '2009-06-07', N'Nữ', N'Phú Yên', N'242510A3'),
    (N'HS0111', N'Nguyễn Duy Thanh', '2009-08-17', N'Nam', N'Hà Giang', N'242510A3'),
    (N'HS0112', N'Nguyễn Văn Thành', '2009-12-24', N'Nam', N'Tuyên Quang', N'242510A3'),
    (N'HS0113', N'Huỳnh Lê Quốc Thảo', '2009-12-05', N'Nam', N'Điện Biên', N'242510A3'),
    (N'HS0114', N'Nguyễn Thị Anh Thư', '2009-05-02', N'Nữ', N'Thái Bình', N'242510A3'),
    (N'HS0115', N'Đặng Thị Cẩm Tiên', '2009-04-17', N'Nữ', N'Nam Định', N'242510A3'),
    (N'HS0116', N'Bùi Quốc Trường', '2009-03-04', N'Nam', N'Hưng Yên', N'242510A3'),
    (N'HS0117', N'Cao Thị Tường Vy', '2009-05-21', N'Nữ', N'Thanh Hóa', N'242510A3'),
    (N'HS0118', N'Nhan Thị Thảo Vy', '2009-03-04', N'Nữ', N'Cao Bằng', N'242510A3'),
    (N'HS0119', N'Huỳnh Thị Như Ý', '2009-01-31', N'Nữ', N'Bạc Liêu', N'242510A3'),
    (N'HS0120', N'Phạm Thị Khả Ái', '2009-12-17', N'Nữ', N'Hà Nội', N'242510A4'),
    (N'HS0121', N'Đoàn Quốc Anh', '2009-03-09', N'Nam', N'Hải Phòng', N'242510A4'),
    (N'HS0122', N'Phan Gia Bảo', '2009-02-14', N'Nam', N'Đà Nẵng', N'242510A4'),
    (N'HS0123', N'Trịnh Công Bình', '2009-03-13', N'Nam', N'Huế', N'242510A4'),
    (N'HS0124', N'Võ Tấn Lê Anh Cẩn', '2009-05-01', N'Nam', N'Nghệ An', N'242510A4'),
    (N'HS0125', N'Lê Hữu Danh', '2009-07-06', N'Nam', N'Quảng Nam', N'242510A4'),
    (N'HS0126', N'Nguyễn Nhựt Duy', '2009-10-06', N'Nam', N'Quảng Ngãi', N'242510A4'),
    (N'HS0127', N'Phạm Thị Mỹ Duyên', '2009-11-11', N'Nữ', N'Khánh Hòa', N'242510A4'),
    (N'HS0128', N'Nguyễn Thị Như Hiếu', '2009-03-22', N'Nữ', N'Bình Định', N'242510A4'),
    (N'HS0129', N'Nguyễn Thị Kim Hương', '2009-07-16', N'Nữ', N'Phú Yên', N'242510A4'),
    (N'HS0130', N'Trần Thị Lan Hương', '2009-03-25', N'Nữ', N'Bình Thuận', N'242510A4'),
    (N'HS0131', N'Phạm Xuân Hỷ', '2009-12-16', N'Nam', N'Bình Dương', N'242510A4'),
    (N'HS0132', N'Huỳnh Thị Tuyết Kha', '2009-06-30', N'Nữ', N'Bà Rịa - Vũng Tàu', N'242510A4'),
    (N'HS0133', N'Phan Văn Vĩ Khang', '2009-12-16', N'Nam', N'Đồng Nai', N'242510A4'),
    (N'HS0134', N'Nguyễn Hoàng Kỳ', '2009-11-25', N'Nam', N'Tiền Giang', N'242510A4'),
    (N'HS0135', N'Võ Phước Lộc', '2009-12-25', N'Nam', N'Bến Tre', N'242510A4'),
    (N'HS0136', N'Đổ Hửu Minh', '2009-04-22', N'Nam', N'Long An', N'242510A4'),
    (N'HS0137', N'Huỳnh Thị Diễm My', '2009-06-29', N'Nữ', N'An Giang', N'242510A4'),
    (N'HS0138', N'Phan Thị Lệ My', '2009-09-28', N'Nữ', N'Cần Thơ', N'242510A4'),
    (N'HS0139', N'Võ Thanh Nghiêm', '2009-12-23', N'Nam', N'Kiên Giang', N'242510A4'),
    (N'HS0140', N'Trương Kim Nguyệt', '2009-11-19', N'Nữ', N'Sóc Trăng', N'242510A4'),
    (N'HS0141', N'Nguyễn Thị Ngọc Nhi', '2009-12-24', N'Nữ', N'Bạc Liêu', N'242510A4'),
    (N'HS0142', N'Phạm Trần Yến Nhi', '2009-10-03', N'Nữ', N'Cà Mau', N'242510A4'),
    (N'HS0143', N'Võ Thái Tuyết Nhi', '2009-12-02', N'Nữ', N'Vĩnh Long', N'242510A4'),
    (N'HS0144', N'Trình Ngọc Nhỉ', '2009-07-22', N'Nữ', N'Trà Vinh', N'242510A4'),
    (N'HS0145', N'Nguyễn Thị Mai Thảo Nhiên', '2009-08-26', N'Nữ', N'Hậu Giang', N'242510A4'),
    (N'HS0146', N'Võ Thị Quỳnh Như', '2009-11-23', N'Nữ', N'Tây Ninh', N'242510A4'),
    (N'HS0147', N'Huỳnh Thị Như Quỳnh', '2009-01-26', N'Nữ', N'Bình Phước', N'242510A4'),
    (N'HS0148', N'Lê Hà Tánh', '2009-05-26', N'Nam', N'Kon Tum', N'242510A4'),
    (N'HS0149', N'Lê Phú Tân', '2009-04-26', N'Nam', N'Gia Lai', N'242510A4'),
    (N'HS0150', N'Phạm Tuấn An', '2008-06-22', N'Nam', N'Đà Nẵng', N'242511A1'),
    (N'HS0151', N'Lê Thái Anh', '2008-01-13', N'Nam', N'Hà Nội', N'242511A1'),
    (N'HS0152', N'Nguyễn Thị Tuyết Anh', '2008-03-10', N'Nữ', N'Hải Phòng', N'242511A1'),
    (N'HS0153', N'Đồng Thị Ngọc Ánh', '2008-11-30', N'Nữ', N'Nghệ An', N'242511A1'),
    (N'HS0154', N'Võ Thị Kim Chi', '2008-06-14', N'Nữ', N'Huế', N'242511A1'),
    (N'HS0155', N'Phạm Quốc Cường', '2008-01-28', N'Nam', N'Quảng Nam', N'242511A1'),
    (N'HS0156', N'Nguyễn Ngọc Kiều Diễm', '2008-11-02', N'Nữ', N'Khánh Hòa', N'242511A1'),
    (N'HS0157', N'Nguyễn Thị Kim Dung', '2008-11-01', N'Nữ', N'Bình Định', N'242511A1'),
    (N'HS0158', N'Nguyễn Hương Giang', '2008-12-04', N'Nữ', N'Hồ Chí Minh', N'242511A1'),
    (N'HS0159', N'Nguyễn Thị Ngọc Hà', '2008-03-13', N'Nữ', N'Cần Thơ', N'242511A1'),
    (N'HS0160', N'Đặng Minh Hào', '2008-11-22', N'Nam', N'An Giang', N'242511A1'),
    (N'HS0161', N'Trần Mai Anh Hào', '2008-01-27', N'Nam', N'Bạc Liêu', N'242511A1'),
    (N'HS0162', N'Chế Thị Kim Hân', '2008-07-02', N'Nữ', N'Sóc Trăng', N'242511A1'),
    (N'HS0163', N'Lâm Quốc Huy', '2008-09-02', N'Nam', N'Kiên Giang', N'242511A1'),
    (N'HS0164', N'Cao Ngọc Huỳnh', '2008-07-19', N'Nữ', N'Đồng Nai', N'242511A1'),
    (N'HS0165', N'Đặng Minh Khang', '2008-11-09', N'Nam', N'Bình Dương', N'242511A1'),
    (N'HS0166', N'Nguyễn Thị Kim Loan', '2008-12-23', N'Nữ', N'Bình Thuận', N'242511A1'),
    (N'HS0167', N'Nguyễn Thị Thanh Ngân', '2008-08-26', N'Nữ', N'Vũng Tàu', N'242511A1'),
    (N'HS0168', N'Trần Thị Thanh Ngân', '2008-03-17', N'Nữ', N'Lâm Đồng', N'242511A1'),
    (N'HS0169', N'Nguyễn Thị Mộng Nghi', '2008-06-13', N'Nữ', N'Phú Yên', N'242511A1'),
    (N'HS0170', N'Lê Văn Nghĩa', '2008-12-12', N'Nam', N'Quảng Bình', N'242511A1'),
    (N'HS0171', N'Bùi Như Ngọc', '2008-06-20', N'Nữ', N'Quảng Trị', N'242511A1'),
    (N'HS0172', N'Dương Bội Ngọc', '2008-05-10', N'Nữ', N'Thái Nguyên', N'242511A1'),
    (N'HS0173', N'Ngô Thị Mỹ Ngọc', '2008-04-30', N'Nữ', N'Hòa Bình', N'242511A1'),
    (N'HS0174', N'Nguyễn Huỳnh Bảo Ngọc', '2008-04-07', N'Nữ', N'Hà Tĩnh', N'242511A1'),
    (N'HS0175', N'Nguyễn Hoàng Nhân', '2008-05-08', N'Nam', N'Tuyên Quang', N'242511A1'),
    (N'HS0176', N'Nguyễn Thị Ý Nhi', '2008-04-08', N'Nữ', N'Yên Bái', N'242511A1'),
    (N'HS0177', N'Nguyễn Uyên Nhi', '2008-08-18', N'Nữ', N'Lào Cai', N'242511A1'),
    (N'HS0178', N'Trần Thị Yến Nhi', '2008-07-17', N'Nữ', N'Lai Châu', N'242511A1'),
    (N'HS0179', N'Võ Ý Nhiên', '2008-01-26', N'Nữ', N'Sơn La', N'242511A1'),
    (N'HS0180', N'Dương Văn Nhớ', '2008-04-22', N'Nam', N'Cao Bằng', N'242511A1'),
    (N'HS0181', N'Nguyễn Viết Nhứt', '2008-01-26', N'Nam', N'Lạng Sơn', N'242511A1'),
    (N'HS0182', N'Nguyễn Hoài Phong', '2008-09-03', N'Nam', N'Hà Giang', N'242511A1'),
    (N'HS0183', N'Trần Hữu Phước', '2008-11-25', N'Nam', N'Ninh Bình', N'242511A1'),
    (N'HS0184', N'Lương Nguyễn Toàn Thắng', '2008-10-25', N'Nam', N'Nam Định', N'242511A1'),
    (N'HS0185', N'Nguyễn Phước Thịnh', '2008-12-06', N'Nam', N'Vĩnh Phúc', N'242511A1'),
    (N'HS0186', N'Trần Đức Thịnh', '2008-08-27', N'Nam', N'Bắc Ninh', N'242511A1'),
    (N'HS0187', N'Mai Bảo Trân', '2008-03-14', N'Nữ', N'Hưng Yên', N'242511A1'),
    (N'HS0188', N'Nguyễn Minh Trí', '2008-09-02', N'Nam', N'Thanh Hóa', N'242511A1'),
    (N'HS0189', N'Nguyễn Quang Vinh', '2008-11-23', N'Nam', N'Bắc Giang', N'242511A1'),
    (N'HS0190', N'Đặng Thị Hải Yến', '2008-11-20', N'Nữ', N'Hải Dương', N'242511A1'),
    (N'HS0191', N'Huỳnh Thị Trường An', '2008-06-28', N'Nữ', N'Quảng Nam', N'242511A2'),
    (N'HS0192', N'Nguyễn Thị Thu An', '2008-05-06', N'Nữ', N'Đà Nẵng', N'242511A2'),
    (N'HS0193', N'Đặng Thị Minh Châu', '2008-10-22', N'Nữ', N'Quảng Ngãi', N'242511A2'),
    (N'HS0194', N'Lê Thị Tùng Cúc', '2008-06-13', N'Nữ', N'Huế', N'242511A2'),
    (N'HS0195', N'Nguyễn Huỳnh Thị Kim Cương', '2008-06-18', N'Nữ', N'Bình Định', N'242511A2'),
    (N'HS0196', N'Ngô Thị Mỹ Duyên', '2008-05-21', N'Nữ', N'Gia Lai', N'242511A2'),
    (N'HS0197', N'Nguyễn Thị Cẫm Duyên', '2008-03-03', N'Nữ', N'Kon Tum', N'242511A2'),
    (N'HS0198', N'Trương Thị Ngọc Duyên', '2008-06-02', N'Nữ', N'Quảng Bình', N'242511A2'),
    (N'HS0199', N'Kiều Tâm Đoan', '2008-01-19', N'Nữ', N'Đồng Nai', N'242511A2'),
    (N'HS0200', N'Nguyễn Thị Ngọc Hà', '2008-04-01', N'Nữ', N'Bình Phước', N'242511A2'),
    (N'HS0201', N'Nguyễn Ngọc Hân', '2008-02-04', N'Nữ', N'Khánh Hòa', N'242511A2'),
    (N'HS0202', N'Nguyễn Văn Học', '2008-12-17', N'Nam', N'Ninh Thuận', N'242511A2'),
    (N'HS0203', N'Nguyễn Thị Mỹ Huệ', '2008-10-17', N'Nữ', N'Phú Yên', N'242511A2'),
    (N'HS0204', N'Hà Văn Huỳnh', '2008-06-04', N'Nam', N'Lâm Đồng', N'242511A2'),
    (N'HS0205', N'Đỗ Thị Kim Khánh', '2008-10-03', N'Nữ', N'Quảng Trị', N'242511A2'),
    (N'HS0206', N'Trần Thị Yến Khoa', '2008-02-04', N'Nữ', N'Bình Thuận', N'242511A2'),
    (N'HS0207', N'Nguyễn Trí Lâm', '2008-11-13', N'Nam', N'Hậu Giang', N'242511A2'),
    (N'HS0208', N'Mai Phước Lập', '2008-02-18', N'Nam', N'Kiên Giang', N'242511A2'),
    (N'HS0209', N'Nguyễn Thị Thùy Linh', '2008-08-04', N'Nữ', N'Cần Thơ', N'242511A2'),
    (N'HS0210', N'La Thị Trúc Mai', '2008-02-18', N'Nữ', N'Vĩnh Long', N'242511A2'),
    (N'HS0211', N'Thái Thị Ngọc My', '2008-07-13', N'Nữ', N'Long An', N'242511A2'),
    (N'HS0212', N'Hồ Thị Thu Ngọc', '2008-06-19', N'Nữ', N'Tiền Giang', N'242511A2'),
    (N'HS0213', N'Lê Kim Ngọc', '2008-02-02', N'Nữ', N'Tây Ninh', N'242511A2'),
    (N'HS0214', N'Nguyễn Thị Nhiễn', '2008-05-30', N'Nữ', N'Bến Tre', N'242511A2'),
    (N'HS0215', N'Phan Thị Ái Như', '2008-03-23', N'Nữ', N'Trà Vinh', N'242511A2'),
    (N'HS0216', N'Nguyễn Mai Ngọc Phú', '2008-11-29', N'Nam', N'Sóc Trăng', N'242511A2'),
    (N'HS0217', N'Phan Văn Trọng Phúc', '2008-05-20', N'Nam', N'An Giang', N'242511A2'),
    (N'HS0218', N'Võ Bá Phúc', '2008-04-04', N'Nam', N'Bạc Liêu', N'242511A2'),
    (N'HS0219', N'Lê Thị Thiền Quyên', '2008-03-03', N'Nữ', N'Cà Mau', N'242511A2'),
    (N'HS0220', N'Võ Thị Như Quỳnh', '2008-05-29', N'Nữ', N'Hồ Chí Minh', N'242511A2'),
    (N'HS0221', N'Nguyễn Như Bình', '2008-09-14', N'Nữ', N'Hà Nội', N'242511A3'),
    (N'HS0222', N'Lê Thị Hồng Cẩm', '2008-07-29', N'Nữ', N'Hải Phòng', N'242511A3'),
    (N'HS0223', N'Nguyễn Phát Thành Công', '2008-10-11', N'Nam', N'Đà Nẵng', N'242511A3'),
    (N'HS0224', N'Trần Thị Mỹ Duyên', '2008-03-05', N'Nữ', N'Cần Thơ', N'242511A3'),
    (N'HS0225', N'Nguyễn Thị Hương Giang', '2008-04-09', N'Nữ', N'Bắc Ninh', N'242511A3'),
    (N'HS0226', N'Đặng Anh Hào', '2008-07-28', N'Nam', N'Bình Dương', N'242511A3'),
    (N'HS0227', N'Đặng Thanh Hào', '2008-06-29', N'Nam', N'Khánh Hòa', N'242511A3'),
    (N'HS0228', N'Lê Trung Hiếu', '2008-06-15', N'Nam', N'An Giang', N'242511A3'),
    (N'HS0229', N'Nguyễn Thái Hòa', '2008-06-24', N'Nam', N'Ninh Bình', N'242511A3'),
    (N'HS0230', N'Huỳnh Thanh Huy', '2008-08-12', N'Nam', N'Hà Tĩnh', N'242511A3'),
    (N'HS0231', N'Dương Thái Thịnh Hưng', '2008-01-22', N'Nam', N'Bình Phước', N'242511A3'),
    (N'HS0232', N'Trần Đăng Khoa', '2008-08-18', N'Nam', N'Hậu Giang', N'242511A3'),
    (N'HS0233', N'Lê Thị Mỹ Linh', '2008-08-29', N'Nữ', N'Thái Bình', N'242511A3'),
    (N'HS0234', N'Võ Thị Trúc Linh', '2008-08-09', N'Nữ', N'Sóc Trăng', N'242511A3'),
    (N'HS0235', N'Nguyễn Bá Lộc', '2008-05-15', N'Nam', N'Phú Yên', N'242511A3'),
    (N'HS0236', N'Lê Minh Sơn Nam', '2008-04-06', N'Nam', N'Tuyên Quang', N'242511A3'),
    (N'HS0237', N'Nguyễn Dương Nhật Nam', '2008-08-22', N'Nam', N'Tây Ninh', N'242511A3'),
    (N'HS0238', N'Lê Thái Ngọc', '2008-07-05', N'Nam', N'Bắc Giang', N'242511A3'),
    (N'HS0239', N'Nguyễn Thị Như Ngọc', '2008-03-22', N'Nữ', N'Thừa Thiên Huế', N'242511A3'),
    (N'HS0240', N'Phạm Thị Nguyệt', '2008-08-19', N'Nữ', N'Hà Giang', N'242511A3'),
    (N'HS0241', N'Trần Anh Nhất', '2008-05-07', N'Nam', N'Nghệ An', N'242511A3'),
    (N'HS0242', N'Nguyễn Thị Uyễn Nhi', '2008-03-06', N'Nữ', N'Quảng Ngãi', N'242511A3'),
    (N'HS0243', N'Phan Thị Hồng Nhung', '2008-02-19', N'Nữ', N'Kon Tum', N'242511A3'),
    (N'HS0244', N'Nguyễn Thị Quỳnh Như', '2008-10-11', N'Nữ', N'Bình Định', N'242511A3'),
    (N'HS0245', N'Trần Thị Huỳnh Như', '2008-03-04', N'Nữ', N'Quảng Nam', N'242511A3'),
    (N'HS0246', N'Lê Minh Quân', '2008-03-06', N'Nam', N'Quảng Bình', N'242511A3'),
    (N'HS0247', N'Trần Văn Quyền', '2008-02-27', N'Nam', N'Lâm Đồng', N'242511A3'),
    (N'HS0248', N'Huỳnh Nguyễn Như Quỳnh', '2008-01-13', N'Nữ', N'Cao Bằng', N'242511A3'),
    (N'HS0249', N'Trần Ngọc Thảo', '2008-06-14', N'Nữ', N'Vĩnh Phúc', N'242511A3'),
    (N'HS0250', N'Trần Thị Kiều Thơ', '2008-11-24', N'Nữ', N'Lào Cai', N'242511A3'),
    (N'HS0251', N'Lê Thị Huỳnh Anh', '2008-08-12', N'Nữ', N'TP. Hồ Chí Minh', N'242511A4'),
    (N'HS0252', N'Cao Thiên Bảo', '2008-07-31', N'Nam', N'Đà Nẵng', N'242511A4'),
    (N'HS0253', N'Trần Quốc Bảo', '2008-12-24', N'Nam', N'Hà Nội', N'242511A4'),
    (N'HS0254', N'Trần Công Danh', '2008-10-02', N'Nam', N'Hải Phòng', N'242511A4'),
    (N'HS0255', N'Huỳnh Chí Đến', '2008-04-05', N'Nam', N'Quảng Ngãi', N'242511A4'),
    (N'HS0256', N'Võ Thị Duy Hiên', '2008-09-19', N'Nữ', N'An Giang', N'242511A4'),
    (N'HS0257', N'Trần Thái Hòa', '2008-04-04', N'Nam', N'Khánh Hòa', N'242511A4'),
    (N'HS0258', N'Lâm Hùng', '2008-11-15', N'Nam', N'Bình Dương', N'242511A4'),
    (N'HS0259', N'Trương Cao Diệu Huyền', '2008-09-30', N'Nữ', N'Cần Thơ', N'242511A4'),
    (N'HS0260', N'Huỳnh Chí Khang', '2008-05-15', N'Nam', N'Tây Ninh', N'242511A4'),
    (N'HS0261', N'Nguyễn Phúc Khang', '2008-10-09', N'Nam', N'Lâm Đồng', N'242511A4'),
    (N'HS0262', N'Huỳnh Trung Kiên', '2008-07-09', N'Nam', N'Vũng Tàu', N'242511A4'),
    (N'HS0263', N'Trần Văn Tuấn Kiệt', '2008-04-15', N'Nam', N'Quảng Nam', N'242511A4'),
    (N'HS0264', N'Võ Gia Kiệt', '2008-10-24', N'Nam', N'Hà Tĩnh', N'242511A4'),
    (N'HS0265', N'Nguyễn Thị Thúy Kiều', '2008-04-02', N'Nữ', N'Huế', N'242511A4'),
    (N'HS0266', N'Bùi Tấn Lộc', '2008-09-21', N'Nam', N'Bắc Ninh', N'242511A4'),
    (N'HS0267', N'Nguyễn Hữu Lợi', '2008-07-09', N'Nam', N'Ninh Thuận', N'242511A4'),
    (N'HS0268', N'Nguyễn Thị Cẩm Ly', '2008-02-28', N'Nữ', N'Tuyên Quang', N'242511A4'),
    (N'HS0269', N'Nguyễn Văn Lý', '2008-11-18', N'Nam', N'Phú Yên', N'242511A4'),
    (N'HS0270', N'Võ Thành Minh', '2008-01-25', N'Nam', N'Bình Phước', N'242511A4'),
    (N'HS0271', N'Huỳnh Thị Diễm My', '2008-12-25', N'Nữ', N'Hậu Giang', N'242511A4'),
    (N'HS0272', N'Nguyễn Thị Yến Nhi', '2008-03-10', N'Nữ', N'Long An', N'242511A4'),
    (N'HS0273', N'Huỳnh Thị Huỳnh Như', '2008-10-23', N'Nữ', N'Cà Mau', N'242511A4'),
    (N'HS0274', N'Trần Long Nhựt', '2008-07-28', N'Nam', N'Bắc Giang', N'242511A4'),
    (N'HS0275', N'Huỳnh Nguyễn Long Quân', '2008-05-16', N'Nam', N'Gia Lai', N'242511A4'),
    (N'HS0276', N'Nguyễn Huỳnh Ngọc Phú Quí', '2008-11-25', N'Nam', N'Quảng Trị', N'242511A4'),
    (N'HS0277', N'Nguyễn Phước Thạnh', '2008-03-02', N'Nam', N'Nam Định', N'242511A4'),
    (N'HS0278', N'Trần Thị Thanh Thảo', '2008-09-13', N'Nữ', N'Nghệ An', N'242511A4'),
    (N'HS0279', N'Hồ Trần Phước Thịnh', '2008-09-29', N'Nam', N'Sóc Trăng', N'242511A4'),
    (N'HS0280', N'Nguyễn Tấn Thoàn', '2008-08-13', N'Nam', N'Kiên Giang', N'242511A4'),
    (N'HS0281', N'Nguyễn Thị Phương Thúy', '2008-06-02', N'Nữ', N'Thanh Hóa', N'242511A4'),
    (N'HS0282', N'Cao Nguyễn Minh Thư', '2008-10-08', N'Nữ', N'Bình Định', N'242511A4'),
    (N'HS0283', N'Trương Thị Thanh Tiền', '2008-08-17', N'Nữ', N'Điện Biên', N'242511A4'),
    (N'HS0284', N'Phạm Trung Tính', '2008-05-30', N'Nam', N'Hòa Bình', N'242511A4'),
    (N'HS0285', N'Trần Trung Tính', '2008-07-04', N'Nam', N'Lào Cai', N'242511A4'),
    (N'HS0286', N'Nguyễn Hữu Trí', '2008-04-23', N'Nam', N'Quảng Bình', N'242511A4'),
    (N'HS0287', N'Nguyễn Ngân Trường', '2008-05-11', N'Nam', N'Đắk Lắk', N'242511A4'),
    (N'HS0288', N'Phan Nhựt Trường', '2008-05-14', N'Nam', N'Vĩnh Long', N'242511A4'),
    (N'HS0289', N'Trần Thị Cẩm Tú', '2008-11-22', N'Nữ', N'Trà Vinh', N'242511A4'),
    (N'HS0290', N'Nguyễn Viết Hoàng Tuấn', '2008-04-29', N'Nam', N'Bạc Liêu', N'242511A4'),
    (N'HS0291', N'Phan Thượng Tuấn', '2008-02-16', N'Nam', N'Lai Châu', N'242511A4'),
    (N'HS0292', N'Nguyễn Phượng Tường Vi', '2008-02-20', N'Nữ', N'Hà Nam', N'242511A4'),
    (N'HS0293', N'Nguyễn Hồ Trường An', '2007-02-02', N'Nam', N'Bến Tre', N'242512A1'),
    (N'HS0294', N'Lê Kim Cương', '2007-02-15', N'Nữ', N'Đà Nẵng', N'242512A1'),
    (N'HS0295', N'Lê Phượng Tường Duy', '2007-07-01', N'Nữ', N'Hồ Chí Minh', N'242512A1'),
    (N'HS0296', N'Huỳnh Sĩ Đan', '2007-11-08', N'Nam', N'Quảng Nam', N'242512A1'),
    (N'HS0297', N'Lê Minh Đạt', '2007-11-28', N'Nam', N'Hà Nội', N'242512A1'),
    (N'HS0298', N'Huỳnh Công Hậu', '2007-09-23', N'Nam', N'Bình Định', N'242512A1'),
    (N'HS0299', N'Võ Văn Hợp', '2007-02-14', N'Nam', N'Khánh Hòa', N'242512A1'),
    (N'HS0300', N'Nguyễn Trương Phi Hùng', '2007-05-29', N'Nam', N'Quảng Ngãi', N'242512A1'),
    (N'HS0301', N'Trần Quốc Huy', '2007-08-07', N'Nam', N'Bình Dương', N'242512A1'),
    (N'HS0302', N'Phạm Minh Luân', '2007-09-02', N'Nam', N'Ninh Bình', N'242512A1'),
    (N'HS0303', N'Lê Anh Minh', '2007-10-21', N'Nam', N'Huế', N'242512A1'),
    (N'HS0304', N'Thi Hiến Minh', '2007-05-14', N'Nam', N'Quảng Trị', N'242512A1'),
    (N'HS0305', N'Nguyễn Thị Diễm My', '2007-07-25', N'Nữ', N'Hải Phòng', N'242512A1'),
    (N'HS0306', N'Nguyễn Trúc Xuân Nghi', '2007-09-07', N'Nữ', N'Lâm Đồng', N'242512A1'),
    (N'HS0307', N'Võ Thành Nghĩa', '2007-03-29', N'Nam', N'Bến Tre', N'242512A1'),
    (N'HS0308', N'Nguyễn Thị Mỹ Nữ', '2007-11-05', N'Nữ', N'Tây Ninh', N'242512A1'),
    (N'HS0309', N'Trần Hữu Phước', '2007-03-31', N'Nam', N'Cần Thơ', N'242512A1'),
    (N'HS0310', N'Đặng Anh Quân', '2007-04-15', N'Nam', N'Vĩnh Long', N'242512A1'),
    (N'HS0311', N'Nguyễn Trí Tâm', '2007-09-27', N'Nam', N'Thái Nguyên', N'242512A1'),
    (N'HS0312', N'Nguyễn Hoàng Tấn', '2007-08-21', N'Nam', N'Hà Tĩnh', N'242512A1'),
    (N'HS0313', N'Nguyễn Viết Thiên', '2007-12-03', N'Nam', N'Hải Dương', N'242512A1'),
    (N'HS0314', N'Huỳnh Minh Tiến', '2007-05-28', N'Nam', N'Phú Thọ', N'242512A1'),
    (N'HS0315', N'Phạm Ngọc Tường Vy', '2007-02-08', N'Nữ', N'Tiền Giang', N'242512A1'),
    (N'HS0316', N'Nguyễn Thị Trâm Anh', '2007-04-17', N'Nữ', N'Quảng Nam', N'242512A2'),
    (N'HS0317', N'Hồ Thị Thu Bích', '2007-07-21', N'Nữ', N'Thừa Thiên Huế', N'242512A2'),
    (N'HS0318', N'Đoàn Minh Cơ', '2007-10-20', N'Nam', N'Thái Bình', N'242512A2'),
    (N'HS0319', N'Mai Thái Dương', '2007-02-14', N'Nữ', N'Tp.HCM', N'242512A2'),
    (N'HS0320', N'Phan Bình Dương', '2007-03-20', N'Nam', N'Bình Dương', N'242512A2'),
    (N'HS0321', N'Phạm Hải Đăng', '2007-01-03', N'Nam', N'Vĩnh Long', N'242512A2'),
    (N'HS0322', N'Nguyễn Đức Giàu', '2007-08-17', N'Nam', N'Cần Thơ', N'242512A2'),
    (N'HS0323', N'Lưu Trần Thiên Hà', '2007-08-18', N'Nữ', N'Bà Rịa-Vũng Tàu', N'242512A2'),
    (N'HS0324', N'Huỳnh Nhã Hân', '2007-05-16', N'Nữ', N'Sóc Trăng', N'242512A2'),
    (N'HS0325', N'Nguyễn Thị Hội', '2007-09-17', N'Nữ', N'Lâm Đồng', N'242512A2'),
    (N'HS0326', N'Phan Tấn Lộc', '2007-05-17', N'Nam', N'Bắc Ninh', N'242512A2'),
    (N'HS0327', N'Trần Hữu Lộc', '2007-06-25', N'Nam', N'Đà Nẵng', N'242512A2'),
    (N'HS0328', N'Nguyễn Hoàng Phúc Lợi', '2007-12-09', N'Nữ', N'Tp.HCM', N'242512A2'),
    (N'HS0329', N'Phạm Tấn Lực', '2007-08-30', N'Nam', N'Tây Ninh', N'242512A2'),
    (N'HS0330', N'Huỳnh Thị Mộng Nghi', '2007-10-14', N'Nữ', N'Kiên Giang', N'242512A2'),
    (N'HS0331', N'Lê Thị Ngọc Nghi', '2007-06-13', N'Nữ', N'Hà Nội', N'242512A2'),
    (N'HS0332', N'Nguyễn Thị Bảo Ngọc', '2007-08-17', N'Nữ', N'Bình Phước', N'242512A2'),
    (N'HS0333', N'Phạm Hồng Ngọc', '2007-06-15', N'Nữ', N'Thái Nguyên', N'242512A2'),
    (N'HS0334', N'Lê Nguyễn Thảo Nhi', '2007-02-01', N'Nữ', N'Hải Phòng', N'242512A2'),
    (N'HS0335', N'Huỳnh Thị Yến Oanh', '2007-08-05', N'Nữ', N'Quảng Bình', N'242512A2'),
    (N'HS0336', N'Lê Chấn Phong', '2007-11-11', N'Nam', N'Tp.HCM', N'242512A2'),
    (N'HS0337', N'Trương Hoàng Phong', '2007-03-20', N'Nam', N'Thái Nguyên', N'242512A2'),
    (N'HS0338', N'Nguyễn Viết Phút', '2007-11-27', N'Nam', N'Phú Yên', N'242512A2'),
    (N'HS0339', N'Hà Trần Diễm Quyên', '2007-09-04', N'Nữ', N'Thành Hóa', N'242512A2'),
    (N'HS0340', N'Nguyễn Trúc Thanh', '2007-01-31', N'Nữ', N'Hà Tĩnh', N'242512A2'),
    (N'HS0341', N'Trần Thanh Thông', '2007-12-14', N'Nam', N'Đắk Lắk', N'242512A2'),
    (N'HS0342', N'Nguyễn Chí Thơm', '2007-05-03', N'Nam', N'Hậu Giang', N'242512A2'),
    (N'HS0343', N'Nguyễn Phước Thuận', '2007-01-27', N'Nam', N'Quảng Ninh', N'242512A2'),
    (N'HS0344', N'Lê Ngọc Anh Thư', '2007-06-21', N'Nữ', N'Bắc Giang', N'242512A2'),
    (N'HS0345', N'Phạm Nguyễn Anh Thư', '2007-05-03', N'Nữ', N'Vĩnh Phúc', N'242512A2'),
    (N'HS0346', N'Nguyễn Thị Yến Thy', '2007-04-19', N'Nữ', N'Hà Giang', N'242512A2'),
    (N'HS0347', N'Lê Thị Thủy Tiên', '2007-01-17', N'Nữ', N'Quảng Trị', N'242512A2'),
    (N'HS0348', N'Huỳnh Phan Khả Trân', '2007-07-29', N'Nữ', N'Nghệ An', N'242512A2'),
    (N'HS0349', N'Nguyễn Thị Tuyết Trân', '2007-10-21', N'Nữ', N'Tây Ninh', N'242512A2'),
    (N'HS0350', N'Phan Hữu Trí', '2007-01-14', N'Nam', N'Bến Tre', N'242512A2'),
    (N'HS0351', N'Nguyễn Nhật Trường', '2007-07-04', N'Nam', N'Vĩnh Long', N'242512A2'),
    (N'HS0352', N'Nguyễn Thị Ánh Tuyết', '2007-12-10', N'Nữ', N'Tp.HCM', N'242512A2'),
    (N'HS0353', N'Phạm Nhật Lan Tường', '2007-05-20', N'Nữ', N'An Giang', N'242512A2'),
    (N'HS0354', N'Nguyễn Tấn Tựu', '2007-09-18', N'Nam', N'Cà Mau', N'242512A2'),
    (N'HS0355', N'Nguyễn Trùng Vương', '2007-11-05', N'Nam', N'Vĩnh Long', N'242512A2'),
    (N'HS0356', N'Lê Ngọc Bảo Vy', '2007-01-25', N'Nữ', N'Bạc Liêu', N'242512A2'),
    (N'HS0357', N'Nguyễn Thị Thu An', '2007-11-03', N'Nữ', N'TP.HCM', N'242512A3'),
    (N'HS0358', N'Đặng Nguyễn Kim Anh', '2007-11-16', N'Nữ', N'Đà Nẵng', N'242512A3'),
    (N'HS0359', N'Đặng Thị Huỳnh Anh', '2007-08-25', N'Nữ', N'Hà Nội', N'242512A3'),
    (N'HS0360', N'Nguyễn Hoàng Phương Anh', '2007-06-06', N'Nữ', N'Thái Bình', N'242512A3'),
    (N'HS0361', N'Lương Nguyên Bảo', '2007-12-12', N'Nam', N'Quảng Ninh', N'242512A3'),
    (N'HS0362', N'Dương Khánh Duy', '2007-05-21', N'Nam', N'Bình Dương', N'242512A3'),
    (N'HS0363', N'Đặng Anh Duy', '2007-11-08', N'Nữ', N'TP.HCM', N'242512A3'),
    (N'HS0364', N'Lê Thị Thúy Duy', '2007-05-10', N'Nữ', N'Quảng Nam', N'242512A3'),
    (N'HS0365', N'Nguyễn Nhật Duy', '2007-11-06', N'Nam', N'Hải Phòng', N'242512A3'),
    (N'HS0366', N'Lâm Tâm Đoan', '2007-11-10', N'Nữ', N'THừa Thiên Huế', N'242512A3'),
    (N'HS0367', N'Trần Lâm Trung Hiếu', '2007-04-14', N'Nam', N'Hà Nội', N'242512A3'),
    (N'HS0368', N'Phạm Khải Hoàng', '2007-12-27', N'Nam', N'Hải Dương', N'242512A3'),
    (N'HS0369', N'Nguyễn Quốc Huy', '2007-01-15', N'Nam', N'Sóc Trăng', N'242512A3'),
    (N'HS0370', N'Võ Minh Huy', '2007-01-01', N'Nam', N'Bắc Giang', N'242512A3'),
    (N'HS0371', N'Đoàn Thị Mỹ Hương', '2007-08-10', N'Nữ', N'TP.HCM', N'242512A3'),
    (N'HS0372', N'Đặng Hồng Khang', '2007-11-10', N'Nam', N'Tỉnh Bình Phước', N'242512A3'),
    (N'HS0373', N'Lê Hữu Khanh', '2007-05-25', N'Nam', N'Hậu Giang', N'242512A3'),
    (N'HS0374', N'Nguyễn Thị Thúy Kiều', '2007-04-09', N'Nữ', N'Thái Nguyên', N'242512A3'),
    (N'HS0375', N'Lê Thị Nghiêm', '2007-09-18', N'Nữ', N'Lâm Đồng', N'242512A3'),
    (N'HS0376', N'Nguyễn Thị Kim Ngọc', '2007-04-01', N'Nữ', N'TP.HCM', N'242512A3'),
    (N'HS0377', N'Võ Thị Kim Ngọc', '2007-10-25', N'Nữ', N'TB', N'242512A3'),
    (N'HS0378', N'Lê Nguyễn', '2007-09-29', N'Nữ', N'Vĩnh Phúc', N'242512A3'),
    (N'HS0379', N'Huỳnh Thị Nguyễn Nhi', '2007-04-02', N'Nữ', N'Bình Thuận', N'242512A3'),
    (N'HS0380', N'Đặng Thị Huỳnh Như', '2007-01-01', N'Nữ', N'Quảng Bình', N'242512A3'),
    (N'HS0381', N'Nguyễn Trần Ngọc Phú', '2007-04-29', N'Nam', N'Đắk Lắk', N'242512A3'),
    (N'HS0382', N'Lê Phạm Minh Quân', '2007-09-09', N'Nam', N'Gia Lai', N'242512A3'),
    (N'HS0383', N'Nguyễn Phú Quý', '2007-08-18', N'Nam', N'TP.HCM', N'242512A3'),
    (N'HS0384', N'Lê Hà Ngọc Sinh', '2007-06-02', N'Nữ', N'TT.Huế', N'242512A3'),
    (N'HS0385', N'La Thị Mỹ Tâm', '2007-02-28', N'Nữ', N'Ninh Bình', N'242512A3'),
    (N'HS0386', N'Nguyễn Văn Minh Tâm', '2007-08-08', N'Nam', N'Cà Mau', N'242512A3'),
    (N'HS0387', N'Nguyễn Chế Tân', '2007-12-15', N'Nam', N'TP.HCM', N'242512A3'),
    (N'HS0388', N'Nguyễn Văn Thắng', '2007-11-12', N'Nam', N'Toàn Quảng Nam', N'242512A3'),
    (N'HS0389', N'Đặng Thị Xuân Thùy', '2007-04-06', N'Nữ', N'TB', N'242512A3'),
    (N'HS0390', N'Lê Ngọc Anh Thư', '2007-08-23', N'Nữ', N'Vĩnh Long', N'242512A3'),
    (N'HS0391', N'Huỳnh Hữu Thừa', '2007-04-09', N'Nam', N'Hà Nam', N'242512A3'),
    (N'HS0392', N'Phạm Thị Thùy Trang', '2007-04-09', N'Nữ', N'Quảng Ninh', N'242512A3'),
    (N'HS0393', N'Nguyễn Thái Trân', '2007-09-04', N'Nữ', N'Ninh Thuận', N'242512A3'),
    (N'HS0394', N'Nguyễn Thị Thúy Vy', '2007-07-31', N'Nữ', N'Khánh Hòa', N'242512A3'),
    (N'HS0395', N'Nguyễn Thị Thúy Vy', '2007-11-16', N'Nữ', N'Tp. Hà Nội', N'242512A3'),
    (N'HS0396', N'Phạm Cao Tường Vy', '2007-09-27', N'Nữ', N'Hà Tĩnh', N'242512A3'),
    (N'HS0397', N'Trần Anh Vỹ', '2007-10-06', N'Nam', N'Hà Nội', N'242512A3'),
    (N'HS0398', N'Nguyễn Viết Thuận Ý', '2007-02-22', N'Nam', N'Quảng Trị', N'242512A3'),
    (N'HS0399', N'Lê Thị Thúy An', '2007-11-28', N'Nữ', N'Quảng Bình', N'242512A4'),
    (N'HS0400', N'Ngô Quỳnh Anh', '2007-12-21', N'Nữ', N'Thừa Thiên Huế', N'242512A4'),
    (N'HS0401', N'Nguyễn Thị Lan Anh', '2007-01-07', N'Nữ', N'Đà Nẵng', N'242512A4'),
    (N'HS0402', N'Lê Nguyễn Công Bằng', '2007-03-21', N'Nam', N'Hà Nội', N'242512A4'),
    (N'HS0403', N'Đặng Kim Chi', '2007-08-07', N'Nữ', N'Hồ Chí Minh', N'242512A4'),
    (N'HS0404', N'Phạm Hữu Dư', '2007-12-22', N'Nam', N'Bắc Giang', N'242512A4'),
    (N'HS0405', N'Phạm Thị Lin Em', '2007-04-18', N'Nữ', N'Hải Phòng', N'242512A4'),
    (N'HS0406', N'Nguyễn Lăng Tuấn Hào', '2006-07-12', N'Nam', N'Vĩnh Phúc', N'242512A4'),
    (N'HS0407', N'Trương Thị Ngọc Hân', '2007-10-22', N'Nữ', N'Tây Ninh', N'242512A4'),
    (N'HS0408', N'Dương Hòa Hậu', '2007-09-11', N'Nam', N'Bình Dương', N'242512A4'),
    (N'HS0409', N'Nguyễn Ngọc Hoài', '2007-02-21', N'Nam', N'Vĩnh Long', N'242512A4'),
    (N'HS0410', N'Lâm Châu Diễm Huỳnh', '2007-12-05', N'Nữ', N'Lâm Đồng', N'242512A4'),
    (N'HS0411', N'Trần Ngọc Hương', '2007-12-17', N'Nữ', N'Quảng Nam', N'242512A4'),
    (N'HS0412', N'Nguyễn Trúc Linh', '2007-10-21', N'Nữ', N'Bình Phước', N'242512A4'),
    (N'HS0413', N'Nguyễn Triệu Luân', '2007-10-05', N'Nam', N'Khánh Hòa', N'242512A4'),
    (N'HS0414', N'Huỳnh Thị Họa My', '2007-10-20', N'Nữ', N'Tiền Giang', N'242512A4'),
    (N'HS0415', N'Huỳnh Mỹ', '2007-12-10', N'Nam', N'Thái Bình', N'242512A4'),
    (N'HS0416', N'Dương Thị Kiều Ngân', '2007-12-29', N'Nữ', N'Bến Tre', N'242512A4'),
    (N'HS0417', N'Nguyễn Thị Kim Ngân', '2007-01-11', N'Nữ', N'Sóc Trăng', N'242512A4'),
    (N'HS0418', N'Lê Xuân Nghi', '2007-03-07', N'Nữ', N'Hà Nam', N'242512A4'),
    (N'HS0419', N'Lê Phú Nguyên', '2007-03-24', N'Nam', N'Long An', N'242512A4');
GO